id	url	status	started_at	completed_at	report_num	score	error	retries
2	https://job-boards.greenhouse.io/anthropic/jobs/4956672008	completed	2026-04-07T12:35:09Z	2026-04-07T12:39:00Z	207	-	-	1
1	https://job-boards.greenhouse.io/anthropic/jobs/5134153008	failed	2026-04-07T12:35:09Z	-	207	-	You're out of extra usage · resets 5pm (America/Puerto_Rico)	2
3	https://job-boards.greenhouse.io/anthropic/jobs/5125387008	completed	2026-04-07T17:26:45Z	2026-04-07T17:30:56Z	219	1.5	-	1
4	https://job-boards.greenhouse.io/anthropic/jobs/5023394008	completed	2026-04-07T17:26:45Z	2026-04-07T17:30:01Z	220	1.5	-	1
5	https://job-boards.greenhouse.io/anthropic/jobs/5030244008	completed	2026-04-07T17:30:02Z	2026-04-07T17:33:37Z	221	-	-	1
6	https://job-boards.greenhouse.io/anthropic/jobs/5014500008	completed	2026-04-07T17:30:57Z	2026-04-07T17:33:57Z	222	1.5	-	1
7	https://job-boards.greenhouse.io/anthropic/jobs/5055488008	failed	2026-04-07T17:33:37Z	2026-04-07T17:37:36Z	223	-	You're out of extra usage · resets 6pm (America/Puerto_Rico) 	2
8	https://job-boards.greenhouse.io/anthropic/jobs/5116274008	failed	2026-04-07T17:33:58Z	2026-04-07T17:37:48Z	224	-	You're out of extra usage · resets 6pm (America/Puerto_Rico) 	2
9	https://job-boards.greenhouse.io/anthropic/jobs/5068226008	failed	2026-04-07T17:37:37Z	2026-04-07T17:37:41Z	225	-	You're out of extra usage · resets 6pm (America/Puerto_Rico) 	2
10	https://job-boards.greenhouse.io/anthropic/jobs/5057647008	failed	2026-04-07T17:37:42Z	2026-04-07T17:37:46Z	226	-	You're out of extra usage · resets 6pm (America/Puerto_Rico) 	2
11	https://job-boards.greenhouse.io/anthropic/jobs/5111942008	completed	2026-04-07T12:35:28Z	2026-04-07T12:40:55Z	208	-	-	0
12	https://job-boards.greenhouse.io/anthropic/jobs/5073277008	completed	2026-04-07T12:39:02Z	2026-04-07T12:42:58Z	209	-	-	0
13	https://job-boards.greenhouse.io/anthropic/jobs/5066977008	failed	2026-04-07T17:37:46Z	2026-04-07T17:37:49Z	227	-	You're out of extra usage · resets 6pm (America/Puerto_Rico) 	2
14	https://job-boards.greenhouse.io/anthropic/jobs/5116927008	failed	2026-04-07T17:37:49Z	2026-04-07T17:37:55Z	228	-	You're out of extra usage · resets 6pm (America/Puerto_Rico) 	2
15	https://job-boards.greenhouse.io/anthropic/jobs/5156057008	failed	2026-04-07T17:37:50Z	2026-04-07T17:37:54Z	229	-	You're out of extra usage · resets 6pm (America/Puerto_Rico) 	2
16	https://job-boards.greenhouse.io/anthropic/jobs/5125881008	failed	2026-04-07T17:37:55Z	2026-04-07T17:37:58Z	230	-	You're out of extra usage · resets 6pm (America/Puerto_Rico) 	2
17	https://job-boards.greenhouse.io/anthropic/jobs/5161402008	failed	2026-04-07T17:37:56Z	2026-04-07T17:38:00Z	231	-	You're out of extra usage · resets 6pm (America/Puerto_Rico) 	2
18	https://job-boards.greenhouse.io/anthropic/jobs/5097186008	failed	2026-04-07T17:37:59Z	2026-04-07T17:38:03Z	232	-	You're out of extra usage · resets 6pm (America/Puerto_Rico) 	2
19	https://job-boards.greenhouse.io/anthropic/jobs/4741104008	failed	2026-04-07T17:38:01Z	2026-04-07T17:38:05Z	233	-	You're out of extra usage · resets 6pm (America/Puerto_Rico) 	2
20	https://job-boards.greenhouse.io/anthropic/jobs/4532887008	failed	2026-04-07T17:38:04Z	2026-04-07T17:38:09Z	234	-	You're out of extra usage · resets 6pm (America/Puerto_Rico) 	2
21	https://job-boards.greenhouse.io/anthropic/jobs/5121561008	failed	2026-04-07T17:38:06Z	2026-04-07T17:38:11Z	235	-	You're out of extra usage · resets 6pm (America/Puerto_Rico) 	2
22	https://job-boards.greenhouse.io/anthropic/jobs/5121563008	failed	2026-04-07T17:38:10Z	2026-04-07T17:38:14Z	236	-	You're out of extra usage · resets 6pm (America/Puerto_Rico) 	1
23	https://job-boards.greenhouse.io/anthropic/jobs/4985877008	failed	2026-04-07T17:38:12Z	2026-04-07T17:38:16Z	237	-	You're out of extra usage · resets 6pm (America/Puerto_Rico) 	1
24	https://job-boards.greenhouse.io/anthropic/jobs/5012991008	failed	2026-04-07T17:38:15Z	2026-04-07T17:38:22Z	238	-	You're out of extra usage · resets 6pm (America/Puerto_Rico) 	1
25	https://job-boards.greenhouse.io/anthropic/jobs/5079562008	failed	2026-04-07T17:38:17Z	2026-04-07T17:38:21Z	239	-	You're out of extra usage · resets 6pm (America/Puerto_Rico) 	1
26	https://job-boards.greenhouse.io/anthropic/jobs/5064817008	failed	2026-04-07T17:38:21Z	2026-04-07T17:38:32Z	240	-	You're out of extra usage · resets 6pm (America/Puerto_Rico) 	1
27	https://job-boards.greenhouse.io/anthropic/jobs/4952079008	failed	2026-04-07T17:38:23Z	2026-04-07T17:38:34Z	241	-	You're out of extra usage · resets 6pm (America/Puerto_Rico) 	1
28	https://job-boards.greenhouse.io/anthropic/jobs/4952051008	failed	2026-04-07T17:38:33Z	2026-04-07T17:38:37Z	242	-	You're out of extra usage · resets 6pm (America/Puerto_Rico) 	1
29	https://job-boards.greenhouse.io/anthropic/jobs/5173031008	failed	2026-04-07T17:38:35Z	2026-04-07T17:38:38Z	243	-	You're out of extra usage · resets 6pm (America/Puerto_Rico) 	1
30	https://job-boards.greenhouse.io/anthropic/jobs/5142110008	failed	2026-04-07T17:38:38Z	2026-04-07T17:38:41Z	244	-	You're out of extra usage · resets 6pm (America/Puerto_Rico) 	1
31	https://job-boards.greenhouse.io/anthropic/jobs/5149911008	failed	2026-04-07T17:38:39Z	2026-04-07T17:38:46Z	245	-	You're out of extra usage · resets 6pm (America/Puerto_Rico) 	1
32	https://job-boards.greenhouse.io/anthropic/jobs/5117652008	failed	2026-04-07T17:38:42Z	2026-04-07T17:38:47Z	246	-	You're out of extra usage · resets 6pm (America/Puerto_Rico) 	1
33	https://job-boards.greenhouse.io/anthropic/jobs/4964610008	failed	2026-04-07T17:38:46Z	2026-04-07T17:38:50Z	247	-	You're out of extra usage · resets 6pm (America/Puerto_Rico) 	1
34	https://job-boards.greenhouse.io/anthropic/jobs/5115884008	failed	2026-04-07T17:38:47Z	2026-04-07T17:38:51Z	248	-	You're out of extra usage · resets 6pm (America/Puerto_Rico) 	1
35	https://job-boards.greenhouse.io/anthropic/jobs/5146999008	failed	2026-04-07T17:38:51Z	2026-04-07T17:38:56Z	249	-	You're out of extra usage · resets 6pm (America/Puerto_Rico) 	1
36	https://job-boards.greenhouse.io/anthropic/jobs/4778843008	failed	2026-04-07T17:38:52Z	2026-04-07T17:38:57Z	250	-	You're out of extra usage · resets 6pm (America/Puerto_Rico) 	1
37	https://job-boards.greenhouse.io/anthropic/jobs/4949336008	failed	2026-04-07T17:38:56Z	2026-04-07T17:39:00Z	251	-	You're out of extra usage · resets 6pm (America/Puerto_Rico) 	1
38	https://job-boards.greenhouse.io/anthropic/jobs/5164616008	failed	2026-04-07T17:38:57Z	2026-04-07T17:39:01Z	252	-	You're out of extra usage · resets 6pm (America/Puerto_Rico) 	1
39	https://job-boards.greenhouse.io/anthropic/jobs/5164620008	failed	2026-04-07T17:39:01Z	2026-04-07T17:39:06Z	253	-	You're out of extra usage · resets 6pm (America/Puerto_Rico) 	1
40	https://job-boards.greenhouse.io/anthropic/jobs/5112486008	failed	2026-04-07T17:39:02Z	2026-04-07T17:39:06Z	254	-	You're out of extra usage · resets 6pm (America/Puerto_Rico) 	1
41	https://job-boards.greenhouse.io/anthropic/jobs/4950664008	failed	2026-04-07T17:39:06Z	2026-04-07T17:39:10Z	255	-	You're out of extra usage · resets 6pm (America/Puerto_Rico) 	1
42	https://job-boards.greenhouse.io/anthropic/jobs/5112493008	failed	2026-04-07T17:39:07Z	2026-04-07T17:39:11Z	256	-	You're out of extra usage · resets 6pm (America/Puerto_Rico) 	1
43	https://job-boards.greenhouse.io/anthropic/jobs/5125083008	failed	2026-04-07T17:39:11Z	2026-04-07T17:39:14Z	257	-	You're out of extra usage · resets 6pm (America/Puerto_Rico) 	1
44	https://job-boards.greenhouse.io/anthropic/jobs/5115935008	failed	2026-04-07T17:39:12Z	2026-04-07T17:39:16Z	258	-	You're out of extra usage · resets 6pm (America/Puerto_Rico) 	1
45	https://job-boards.greenhouse.io/anthropic/jobs/4613568008	failed	2026-04-07T17:39:15Z	2026-04-07T17:39:19Z	259	-	You're out of extra usage · resets 6pm (America/Puerto_Rico) 	1
46	https://job-boards.greenhouse.io/anthropic/jobs/5074815008	failed	2026-04-07T17:39:16Z	2026-04-07T17:39:20Z	260	-	You're out of extra usage · resets 6pm (America/Puerto_Rico) 	1
47	https://job-boards.greenhouse.io/anthropic/jobs/5135168008	failed	2026-04-07T17:39:20Z	2026-04-07T17:39:24Z	261	-	You're out of extra usage · resets 6pm (America/Puerto_Rico) 	1
48	https://job-boards.greenhouse.io/anthropic/jobs/4951814008	failed	2026-04-07T17:39:21Z	2026-04-07T17:39:25Z	262	-	You're out of extra usage · resets 6pm (America/Puerto_Rico) 	1
49	https://job-boards.greenhouse.io/anthropic/jobs/5074217008	failed	2026-04-07T17:39:25Z	2026-04-07T17:39:29Z	263	-	You're out of extra usage · resets 6pm (America/Puerto_Rico) 	1
50	https://job-boards.greenhouse.io/anthropic/jobs/5103788008	failed	2026-04-07T17:39:26Z	2026-04-07T17:39:29Z	264	-	You're out of extra usage · resets 6pm (America/Puerto_Rico) 	1
51	https://job-boards.greenhouse.io/anthropic/jobs/4980427008	failed	2026-04-07T17:39:30Z	2026-04-07T17:39:34Z	265	-	You're out of extra usage · resets 6pm (America/Puerto_Rico) 	1
52	https://job-boards.greenhouse.io/anthropic/jobs/5076616008	failed	2026-04-07T17:39:30Z	2026-04-07T17:39:37Z	266	-	You're out of extra usage · resets 6pm (America/Puerto_Rico) 	1
53	https://job-boards.greenhouse.io/anthropic/jobs/5101433008	failed	2026-04-07T17:39:35Z	2026-04-07T17:39:39Z	267	-	You're out of extra usage · resets 6pm (America/Puerto_Rico) 	1
54	https://job-boards.greenhouse.io/anthropic/jobs/5024835008	failed	2026-04-07T17:39:38Z	2026-04-07T17:39:42Z	268	-	You're out of extra usage · resets 6pm (America/Puerto_Rico) 	1
55	https://job-boards.greenhouse.io/anthropic/jobs/4941996008	failed	2026-04-07T17:39:40Z	2026-04-07T17:39:44Z	269	-	You're out of extra usage · resets 6pm (America/Puerto_Rico) 	1
56	https://job-boards.greenhouse.io/anthropic/jobs/4926242008	failed	2026-04-07T17:39:42Z	2026-04-07T17:39:47Z	270	-	You're out of extra usage · resets 6pm (America/Puerto_Rico) 	1
57	https://job-boards.greenhouse.io/anthropic/jobs/5076109008	failed	2026-04-07T17:39:45Z	2026-04-07T17:39:49Z	271	-	You're out of extra usage · resets 6pm (America/Puerto_Rico) 	1
58	https://job-boards.greenhouse.io/anthropic/jobs/5117589008	failed	2026-04-07T17:39:48Z	2026-04-07T17:39:52Z	272	-	You're out of extra usage · resets 6pm (America/Puerto_Rico) 	1
59	https://job-boards.greenhouse.io/anthropic/jobs/5117581008	failed	2026-04-07T17:39:49Z	2026-04-07T17:39:54Z	273	-	You're out of extra usage · resets 6pm (America/Puerto_Rico) 	1
60	https://job-boards.greenhouse.io/anthropic/jobs/5146028008	failed	2026-04-07T17:39:53Z	2026-04-07T17:39:57Z	274	-	You're out of extra usage · resets 6pm (America/Puerto_Rico) 	1
61	https://job-boards.greenhouse.io/anthropic/jobs/5062712008	failed	2026-04-07T17:39:55Z	2026-04-07T17:39:58Z	275	-	You're out of extra usage · resets 6pm (America/Puerto_Rico) 	1
62	https://job-boards.greenhouse.io/anthropic/jobs/5124533008	failed	2026-04-07T17:39:58Z	2026-04-07T17:40:02Z	276	-	You're out of extra usage · resets 6pm (America/Puerto_Rico) 	1
63	https://job-boards.greenhouse.io/anthropic/jobs/5065835008	failed	2026-04-07T17:39:59Z	2026-04-07T17:40:03Z	277	-	You're out of extra usage · resets 6pm (America/Puerto_Rico) 	1
64	https://job-boards.greenhouse.io/anthropic/jobs/5079540008	failed	2026-04-07T17:40:03Z	2026-04-07T17:40:07Z	278	-	You're out of extra usage · resets 6pm (America/Puerto_Rico) 	1
65	https://job-boards.greenhouse.io/anthropic/jobs/5140405008	failed	2026-04-07T17:40:04Z	2026-04-07T17:40:07Z	279	-	You're out of extra usage · resets 6pm (America/Puerto_Rico) 	1
66	https://job-boards.greenhouse.io/anthropic/jobs/4977626008	failed	2026-04-07T17:40:08Z	2026-04-07T17:40:12Z	280	-	You're out of extra usage · resets 6pm (America/Puerto_Rico) 	1
67	https://job-boards.greenhouse.io/anthropic/jobs/4977624008	failed	2026-04-07T17:40:08Z	2026-04-07T17:40:12Z	281	-	You're out of extra usage · resets 6pm (America/Puerto_Rico) 	1
69	https://job-boards.greenhouse.io/anthropic/jobs/5031670008	failed	2026-04-07T17:40:13Z	2026-04-07T17:40:16Z	282	-	You're out of extra usage · resets 6pm (America/Puerto_Rico) 	1
68	https://job-boards.greenhouse.io/anthropic/jobs/4461444008	failed	2026-04-07T17:40:13Z	2026-04-07T17:40:17Z	283	-	You're out of extra usage · resets 6pm (America/Puerto_Rico) 	1
70	https://job-boards.greenhouse.io/anthropic/jobs/5079511008	failed	2026-04-07T17:40:17Z	2026-04-07T17:40:20Z	284	-	You're out of extra usage · resets 6pm (America/Puerto_Rico) 	1
71	https://job-boards.greenhouse.io/anthropic/jobs/4968059008	failed	2026-04-07T17:40:17Z	2026-04-07T17:40:22Z	285	-	You're out of extra usage · resets 6pm (America/Puerto_Rico) 	1
72	https://job-boards.greenhouse.io/anthropic/jobs/5057258008	failed	2026-04-07T17:40:21Z	2026-04-07T17:40:25Z	286	-	You're out of extra usage · resets 6pm (America/Puerto_Rico) 	1
73	https://job-boards.greenhouse.io/anthropic/jobs/5140403008	failed	2026-04-07T17:40:23Z	2026-04-07T17:40:26Z	287	-	You're out of extra usage · resets 6pm (America/Puerto_Rico) 	1
74	https://job-boards.greenhouse.io/anthropic/jobs/5113224008	failed	2026-04-07T17:40:26Z	2026-04-07T17:40:30Z	288	-	You're out of extra usage · resets 6pm (America/Puerto_Rico) 	1
75	https://job-boards.greenhouse.io/anthropic/jobs/5101173008	failed	2026-04-07T17:40:27Z	2026-04-07T17:40:31Z	289	-	You're out of extra usage · resets 6pm (America/Puerto_Rico) 	1
76	https://job-boards.greenhouse.io/anthropic/jobs/5101169008	failed	2026-04-07T17:40:31Z	2026-04-07T17:40:34Z	290	-	You're out of extra usage · resets 6pm (America/Puerto_Rico) 	1
77	https://job-boards.greenhouse.io/anthropic/jobs/5122119008	failed	2026-04-07T17:40:32Z	2026-04-07T17:40:36Z	291	-	You're out of extra usage · resets 6pm (America/Puerto_Rico) 	1
78	https://job-boards.greenhouse.io/anthropic/jobs/5017903008	failed	2026-04-07T17:40:35Z	2026-04-07T17:40:39Z	292	-	You're out of extra usage · resets 6pm (America/Puerto_Rico) 	1
79	https://job-boards.greenhouse.io/anthropic/jobs/5153754008	failed	2026-04-07T17:40:36Z	2026-04-07T17:40:43Z	293	-	You're out of extra usage · resets 6pm (America/Puerto_Rico) 	1
80	https://job-boards.greenhouse.io/anthropic/jobs/5153761008	failed	2026-04-07T17:40:40Z	2026-04-07T17:40:43Z	294	-	You're out of extra usage · resets 6pm (America/Puerto_Rico) 	1
81	https://job-boards.greenhouse.io/anthropic/jobs/5149802008	failed	2026-04-07T17:40:43Z	2026-04-07T17:40:48Z	295	-	You're out of extra usage · resets 6pm (America/Puerto_Rico) 	1
82	https://job-boards.greenhouse.io/anthropic/jobs/5026097008	failed	2026-04-07T17:40:44Z	2026-04-07T17:40:48Z	296	-	You're out of extra usage · resets 6pm (America/Puerto_Rico) 	1
83	https://job-boards.eu.greenhouse.io/polyai/jobs/4710429101	failed	2026-04-07T17:40:49Z	2026-04-07T17:40:53Z	297	-	You're out of extra usage · resets 6pm (America/Puerto_Rico) 	1
84	https://job-boards.eu.greenhouse.io/polyai/jobs/4796935101	failed	2026-04-07T17:40:49Z	2026-04-07T17:40:53Z	298	-	You're out of extra usage · resets 6pm (America/Puerto_Rico) 	1
85	https://job-boards.eu.greenhouse.io/polyai/jobs/4822441101	failed	2026-04-07T17:40:54Z	2026-04-07T17:40:57Z	299	-	You're out of extra usage · resets 6pm (America/Puerto_Rico) 	1
86	https://job-boards.eu.greenhouse.io/polyai/jobs/4594342101	failed	2026-04-07T17:40:54Z	2026-04-07T17:40:58Z	300	-	You're out of extra usage · resets 6pm (America/Puerto_Rico) 	1
87	https://job-boards.eu.greenhouse.io/parloa/jobs/4784741101	failed	2026-04-07T17:40:58Z	2026-04-07T17:41:02Z	301	-	You're out of extra usage · resets 6pm (America/Puerto_Rico) 	1
88	https://job-boards.eu.greenhouse.io/parloa/jobs/4566280101	failed	2026-04-07T17:40:59Z	2026-04-07T17:41:04Z	302	-	You're out of extra usage · resets 6pm (America/Puerto_Rico) 	1
89	https://job-boards.eu.greenhouse.io/parloa/jobs/4782800101	failed	2026-04-07T17:41:03Z	2026-04-07T17:41:06Z	303	-	You're out of extra usage · resets 6pm (America/Puerto_Rico) 	1
90	https://job-boards.eu.greenhouse.io/parloa/jobs/4766701101	failed	2026-04-07T17:41:05Z	2026-04-07T17:41:09Z	304	-	You're out of extra usage · resets 6pm (America/Puerto_Rico) 	1
91	https://job-boards.eu.greenhouse.io/parloa/jobs/4826898101	failed	2026-04-07T17:41:07Z	2026-04-07T17:41:11Z	305	-	You're out of extra usage · resets 6pm (America/Puerto_Rico) 	1
92	https://job-boards.greenhouse.io/intercom/jobs/7609852	failed	2026-04-07T17:41:09Z	2026-04-07T17:41:14Z	306	-	You're out of extra usage · resets 6pm (America/Puerto_Rico) 	1
93	https://job-boards.greenhouse.io/intercom/jobs/7583124	failed	2026-04-07T17:41:11Z	2026-04-07T17:41:15Z	307	-	You're out of extra usage · resets 6pm (America/Puerto_Rico) 	1
94	https://job-boards.greenhouse.io/intercom/jobs/7603334	failed	2026-04-07T17:41:15Z	2026-04-07T17:41:19Z	308	-	You're out of extra usage · resets 6pm (America/Puerto_Rico) 	1
95	https://job-boards.greenhouse.io/intercom/jobs/7672152	failed	2026-04-07T17:41:16Z	2026-04-07T17:41:21Z	309	-	You're out of extra usage · resets 6pm (America/Puerto_Rico) 	1
96	https://job-boards.greenhouse.io/intercom/jobs/7524848	failed	2026-04-07T17:41:20Z	2026-04-07T17:41:23Z	310	-	You're out of extra usage · resets 6pm (America/Puerto_Rico) 	1
97	https://job-boards.greenhouse.io/intercom/jobs/7524826	failed	2026-04-07T17:41:22Z	2026-04-07T17:41:26Z	311	-	You're out of extra usage · resets 6pm (America/Puerto_Rico) 	1
98	https://job-boards.greenhouse.io/intercom/jobs/7644940	failed	2026-04-07T17:41:24Z	2026-04-07T17:41:28Z	312	-	You're out of extra usage · resets 6pm (America/Puerto_Rico) 	1
99	https://job-boards.greenhouse.io/intercom/jobs/7644731	failed	2026-04-07T17:41:27Z	2026-04-07T17:41:30Z	313	-	You're out of extra usage · resets 6pm (America/Puerto_Rico) 	1
100	https://job-boards.greenhouse.io/intercom/jobs/7725837	failed	2026-04-07T17:41:29Z	2026-04-07T17:41:33Z	314	-	You're out of extra usage · resets 6pm (America/Puerto_Rico) 	1
101	https://job-boards.greenhouse.io/intercom/jobs/7681157	failed	2026-04-07T17:41:31Z	2026-04-07T17:41:35Z	315	-	You're out of extra usage · resets 6pm (America/Puerto_Rico) 	1
102	https://job-boards.greenhouse.io/intercom/jobs/7776018	failed	2026-04-07T17:41:34Z	2026-04-07T17:41:38Z	316	-	You're out of extra usage · resets 6pm (America/Puerto_Rico) 	1
103	https://job-boards.greenhouse.io/intercom/jobs/7774407	failed	2026-04-07T17:41:36Z	2026-04-07T17:41:40Z	317	-	You're out of extra usage · resets 6pm (America/Puerto_Rico) 	1
104	https://job-boards.greenhouse.io/intercom/jobs/7735288	failed	2026-04-07T17:41:38Z	2026-04-07T17:41:42Z	318	-	You're out of extra usage · resets 6pm (America/Puerto_Rico) 	1
105	https://job-boards.greenhouse.io/intercom/jobs/7544457	failed	2026-04-07T17:41:40Z	2026-04-07T17:41:44Z	319	-	You're out of extra usage · resets 6pm (America/Puerto_Rico) 	1
106	https://job-boards.greenhouse.io/intercom/jobs/7464294	failed	2026-04-07T17:41:43Z	2026-04-07T17:41:47Z	320	-	You're out of extra usage · resets 6pm (America/Puerto_Rico) 	1
107	https://job-boards.greenhouse.io/intercom/jobs/7377200	failed	2026-04-07T17:41:45Z	2026-04-07T17:41:49Z	321	-	You're out of extra usage · resets 6pm (America/Puerto_Rico) 	1
108	https://job-boards.greenhouse.io/intercom/jobs/7464291	failed	2026-04-07T17:41:48Z	2026-04-07T17:41:51Z	322	-	You're out of extra usage · resets 6pm (America/Puerto_Rico) 	1
109	https://job-boards.greenhouse.io/intercom/jobs/7574783	failed	2026-04-07T17:41:49Z	2026-04-07T17:41:52Z	323	-	You're out of extra usage · resets 6pm (America/Puerto_Rico) 	1
110	https://job-boards.greenhouse.io/intercom/jobs/7574762	failed	2026-04-07T17:41:52Z	2026-04-07T17:41:55Z	324	-	You're out of extra usage · resets 6pm (America/Puerto_Rico) 	1
111	https://job-boards.greenhouse.io/intercom/jobs/7749323	failed	2026-04-07T17:41:53Z	2026-04-07T17:41:58Z	325	-	You're out of extra usage · resets 6pm (America/Puerto_Rico) 	1
112	https://job-boards.greenhouse.io/intercom/jobs/7314809	failed	2026-04-07T17:41:56Z	2026-04-07T17:41:59Z	326	-	You're out of extra usage · resets 6pm (America/Puerto_Rico) 	1
113	https://job-boards.greenhouse.io/intercom/jobs/7606649	failed	2026-04-07T17:41:58Z	2026-04-07T17:42:03Z	327	-	You're out of extra usage · resets 6pm (America/Puerto_Rico) 	1
114	https://job-boards.greenhouse.io/intercom/jobs/7606638	failed	2026-04-07T17:42:00Z	2026-04-07T17:42:04Z	328	-	You're out of extra usage · resets 6pm (America/Puerto_Rico) 	1
115	https://job-boards.greenhouse.io/intercom/jobs/6317929	failed	2026-04-07T17:42:03Z	2026-04-07T17:42:08Z	329	-	You're out of extra usage · resets 6pm (America/Puerto_Rico) 	1
116	https://job-boards.greenhouse.io/intercom/jobs/6949785	failed	2026-04-07T17:42:04Z	2026-04-07T17:42:09Z	330	-	You're out of extra usage · resets 6pm (America/Puerto_Rico) 	1
117	https://job-boards.greenhouse.io/intercom/jobs/7436402	failed	2026-04-07T17:42:09Z	2026-04-07T17:42:13Z	331	-	You're out of extra usage · resets 6pm (America/Puerto_Rico) 	1
118	https://job-boards.greenhouse.io/intercom/jobs/7437796	failed	2026-04-07T17:42:09Z	2026-04-07T17:42:13Z	332	-	You're out of extra usage · resets 6pm (America/Puerto_Rico) 	1
119	https://job-boards.greenhouse.io/intercom/jobs/7652268	failed	2026-04-07T17:42:14Z	2026-04-07T17:42:18Z	333	-	You're out of extra usage · resets 6pm (America/Puerto_Rico) 	1
120	https://job-boards.greenhouse.io/intercom/jobs/7372016	failed	2026-04-07T17:42:14Z	2026-04-07T17:42:18Z	334	-	You're out of extra usage · resets 6pm (America/Puerto_Rico) 	1
121	https://job-boards.greenhouse.io/intercom/jobs/7271603	failed	2026-04-07T17:42:19Z	2026-04-07T17:42:22Z	335	-	You're out of extra usage · resets 6pm (America/Puerto_Rico) 	1
122	https://job-boards.greenhouse.io/intercom/jobs/6531495	failed	2026-04-07T17:42:19Z	2026-04-07T17:42:23Z	336	-	You're out of extra usage · resets 6pm (America/Puerto_Rico) 	1
123	https://job-boards.greenhouse.io/intercom/jobs/7411373	failed	2026-04-07T17:42:23Z	2026-04-07T17:42:27Z	337	-	You're out of extra usage · resets 6pm (America/Puerto_Rico) 	1
124	https://job-boards.greenhouse.io/intercom/jobs/6276021	failed	2026-04-07T17:42:24Z	2026-04-07T17:42:28Z	338	-	You're out of extra usage · resets 6pm (America/Puerto_Rico) 	1
125	https://job-boards.greenhouse.io/intercom/jobs/7371924	failed	2026-04-07T17:42:28Z	2026-04-07T17:42:34Z	339	-	You're out of extra usage · resets 6pm (America/Puerto_Rico) 	1
126	https://job-boards.greenhouse.io/intercom/jobs/6466001	failed	2026-04-07T17:42:29Z	2026-04-07T17:42:33Z	340	-	You're out of extra usage · resets 6pm (America/Puerto_Rico) 	1
127	https://job-boards.greenhouse.io/intercom/jobs/7382846	failed	2026-04-07T17:42:33Z	2026-04-07T17:42:37Z	341	-	You're out of extra usage · resets 6pm (America/Puerto_Rico) 	1
128	https://job-boards.greenhouse.io/intercom/jobs/7594453	failed	2026-04-07T17:42:35Z	2026-04-07T17:42:39Z	342	-	You're out of extra usage · resets 6pm (America/Puerto_Rico) 	1
129	https://job-boards.greenhouse.io/intercom/jobs/7573187	failed	2026-04-07T17:42:38Z	2026-04-07T17:42:41Z	343	-	You're out of extra usage · resets 6pm (America/Puerto_Rico) 	1
130	https://job-boards.greenhouse.io/intercom/jobs/6849119	failed	2026-04-07T17:42:40Z	2026-04-07T17:42:44Z	344	-	You're out of extra usage · resets 6pm (America/Puerto_Rico) 	1
131	https://job-boards.greenhouse.io/intercom/jobs/7593406	failed	2026-04-07T17:42:42Z	2026-04-07T17:42:45Z	345	-	You're out of extra usage · resets 6pm (America/Puerto_Rico) 	1
132	https://job-boards.greenhouse.io/intercom/jobs/7624926	failed	2026-04-07T17:42:45Z	2026-04-07T17:42:48Z	346	-	You're out of extra usage · resets 6pm (America/Puerto_Rico) 	1
133	https://job-boards.greenhouse.io/intercom/jobs/7560506	failed	2026-04-07T17:42:46Z	2026-04-07T17:42:50Z	347	-	You're out of extra usage · resets 6pm (America/Puerto_Rico) 	1
134	https://job-boards.greenhouse.io/intercom/jobs/7271914	failed	2026-04-07T17:42:49Z	2026-04-07T17:42:54Z	348	-	You're out of extra usage · resets 6pm (America/Puerto_Rico) 	1
135	https://job-boards.greenhouse.io/intercom/jobs/6654793	failed	2026-04-07T17:42:50Z	2026-04-07T17:42:54Z	349	-	You're out of extra usage · resets 6pm (America/Puerto_Rico) 	1
136	https://job-boards.greenhouse.io/intercom/jobs/7383950	failed	2026-04-07T17:42:54Z	2026-04-07T17:42:58Z	350	-	You're out of extra usage · resets 6pm (America/Puerto_Rico) 	1
137	https://job-boards.greenhouse.io/intercom/jobs/7383963	failed	2026-04-07T17:42:54Z	2026-04-07T17:42:58Z	351	-	You're out of extra usage · resets 6pm (America/Puerto_Rico) 	1
139	https://job-boards.greenhouse.io/intercom/jobs/7393955	failed	2026-04-07T17:42:59Z	2026-04-07T17:43:03Z	352	-	You're out of extra usage · resets 6pm (America/Puerto_Rico) 	1
138	https://job-boards.greenhouse.io/intercom/jobs/7393922	failed	2026-04-07T17:42:59Z	2026-04-07T17:43:03Z	353	-	You're out of extra usage · resets 6pm (America/Puerto_Rico) 	1
141	https://job-boards.greenhouse.io/humeai/jobs/4775962008	failed	2026-04-07T17:43:03Z	2026-04-07T17:43:07Z	354	-	You're out of extra usage · resets 6pm (America/Puerto_Rico) 	1
140	https://job-boards.greenhouse.io/intercom/jobs/7393950	failed	2026-04-07T17:43:03Z	2026-04-07T17:43:07Z	355	-	You're out of extra usage · resets 6pm (America/Puerto_Rico) 	1
142	https://job-boards.greenhouse.io/humeai/jobs/5064248008	failed	2026-04-07T17:43:08Z	2026-04-07T17:43:14Z	356	-	You're out of extra usage · resets 6pm (America/Puerto_Rico) 	1
143	https://job-boards.greenhouse.io/humeai/jobs/4003488008	failed	2026-04-07T17:43:08Z	2026-04-07T17:43:12Z	357	-	You're out of extra usage · resets 6pm (America/Puerto_Rico) 	1
144	https://job-boards.greenhouse.io/airtable/jobs/8409168002	failed	2026-04-07T17:43:13Z	2026-04-07T17:43:17Z	358	-	You're out of extra usage · resets 6pm (America/Puerto_Rico) 	1
145	https://job-boards.greenhouse.io/airtable/jobs/8434287002	failed	2026-04-07T17:43:15Z	2026-04-07T17:43:19Z	359	-	You're out of extra usage · resets 6pm (America/Puerto_Rico) 	1
146	https://job-boards.greenhouse.io/airtable/jobs/8470036002	failed	2026-04-07T17:43:18Z	2026-04-07T17:43:21Z	360	-	You're out of extra usage · resets 6pm (America/Puerto_Rico) 	1
147	https://job-boards.greenhouse.io/airtable/jobs/8434307002	failed	2026-04-07T17:43:20Z	2026-04-07T17:43:23Z	361	-	You're out of extra usage · resets 6pm (America/Puerto_Rico) 	1
148	https://job-boards.greenhouse.io/airtable/jobs/8199012002	failed	2026-04-07T17:43:22Z	2026-04-07T17:43:26Z	362	-	You're out of extra usage · resets 6pm (America/Puerto_Rico) 	1
149	https://job-boards.greenhouse.io/airtable/jobs/8382158002	failed	2026-04-07T17:43:24Z	2026-04-07T17:43:28Z	363	-	You're out of extra usage · resets 6pm (America/Puerto_Rico) 	1
150	https://job-boards.greenhouse.io/airtable/jobs/8350839002	failed	2026-04-07T17:43:27Z	2026-04-07T17:43:30Z	364	-	You're out of extra usage · resets 6pm (America/Puerto_Rico) 	1
151	https://job-boards.greenhouse.io/vercel/jobs/5829980004	failed	2026-04-07T17:43:29Z	2026-04-07T17:43:33Z	365	-	You're out of extra usage · resets 6pm (America/Puerto_Rico) 	1
152	https://job-boards.greenhouse.io/vercel/jobs/5553789004	failed	2026-04-07T17:43:31Z	2026-04-07T17:43:34Z	366	-	You're out of extra usage · resets 6pm (America/Puerto_Rico) 	1
153	https://job-boards.greenhouse.io/vercel/jobs/5798406004	failed	2026-04-07T17:43:34Z	2026-04-07T17:43:38Z	367	-	You're out of extra usage · resets 6pm (America/Puerto_Rico) 	1
154	https://job-boards.greenhouse.io/vercel/jobs/5474915004	failed	2026-04-07T17:43:35Z	2026-04-07T17:43:38Z	368	-	You're out of extra usage · resets 6pm (America/Puerto_Rico) 	1
155	https://job-boards.greenhouse.io/arizeai/jobs/5661972004	failed	2026-04-07T17:43:39Z	2026-04-07T17:43:43Z	369	-	You're out of extra usage · resets 6pm (America/Puerto_Rico) 	1
156	https://job-boards.greenhouse.io/arizeai/jobs/5818115004	failed	2026-04-07T17:43:39Z	2026-04-07T17:43:43Z	370	-	You're out of extra usage · resets 6pm (America/Puerto_Rico) 	1
157	https://job-boards.greenhouse.io/arizeai/jobs/5793354004	failed	2026-04-07T17:43:43Z	2026-04-07T17:43:47Z	371	-	You're out of extra usage · resets 6pm (America/Puerto_Rico) 	1
158	https://job-boards.greenhouse.io/arizeai/jobs/5792327004	failed	2026-04-07T17:43:44Z	2026-04-07T17:43:47Z	372	-	You're out of extra usage · resets 6pm (America/Puerto_Rico) 	1
159	https://job-boards.greenhouse.io/arizeai/jobs/5797408004	failed	2026-04-07T17:43:48Z	2026-04-07T17:43:51Z	373	-	You're out of extra usage · resets 6pm (America/Puerto_Rico) 	1
160	https://job-boards.greenhouse.io/arizeai/jobs/5769693004	failed	2026-04-07T17:43:48Z	2026-04-07T17:43:51Z	374	-	You're out of extra usage · resets 6pm (America/Puerto_Rico) 	1
161	https://job-boards.greenhouse.io/arizeai/jobs/5781408004	failed	2026-04-07T17:43:52Z	2026-04-07T17:43:55Z	375	-	You're out of extra usage · resets 6pm (America/Puerto_Rico) 	1
162	https://job-boards.greenhouse.io/arizeai/jobs/5783026004	failed	2026-04-07T17:43:52Z	2026-04-07T17:43:56Z	376	-	You're out of extra usage · resets 6pm (America/Puerto_Rico) 	1
163	https://job-boards.greenhouse.io/arizeai/jobs/5396396004	failed	2026-04-07T17:43:56Z	2026-04-07T17:44:01Z	377	-	You're out of extra usage · resets 6pm (America/Puerto_Rico) 	1
164	https://job-boards.greenhouse.io/arizeai/jobs/5396420004	failed	2026-04-07T17:43:57Z	2026-04-07T17:44:01Z	378	-	You're out of extra usage · resets 6pm (America/Puerto_Rico) 	1
165	https://job-boards.greenhouse.io/gleanwork/jobs/4621972005	failed	2026-04-07T17:44:01Z	2026-04-07T17:44:05Z	379	-	You're out of extra usage · resets 6pm (America/Puerto_Rico) 	1
166	https://job-boards.greenhouse.io/gleanwork/jobs/4661912005	failed	2026-04-07T17:44:02Z	2026-04-07T17:44:06Z	380	-	You're out of extra usage · resets 6pm (America/Puerto_Rico) 	1
167	https://job-boards.greenhouse.io/gleanwork/jobs/4661913005	failed	2026-04-07T17:44:06Z	2026-04-07T17:44:09Z	381	-	You're out of extra usage · resets 6pm (America/Puerto_Rico) 	1
168	https://job-boards.greenhouse.io/gleanwork/jobs/4661933005	failed	2026-04-07T17:44:07Z	2026-04-07T17:44:10Z	382	-	You're out of extra usage · resets 6pm (America/Puerto_Rico) 	1
169	https://job-boards.greenhouse.io/gleanwork/jobs/4661934005	failed	2026-04-07T17:44:10Z	2026-04-07T17:44:14Z	383	-	You're out of extra usage · resets 6pm (America/Puerto_Rico) 	1
170	https://job-boards.greenhouse.io/gleanwork/jobs/4613925005	failed	2026-04-07T17:44:11Z	2026-04-07T17:44:15Z	384	-	You're out of extra usage · resets 6pm (America/Puerto_Rico) 	1
171	https://job-boards.greenhouse.io/gleanwork/jobs/4586837005	failed	2026-04-07T17:44:15Z	2026-04-07T17:44:19Z	385	-	You're out of extra usage · resets 6pm (America/Puerto_Rico) 	1
172	https://job-boards.greenhouse.io/gleanwork/jobs/4673911005	failed	2026-04-07T17:44:16Z	2026-04-07T17:44:21Z	386	-	You're out of extra usage · resets 6pm (America/Puerto_Rico) 	1
173	https://job-boards.greenhouse.io/gleanwork/jobs/4661899005	failed	2026-04-07T17:44:19Z	2026-04-07T17:44:23Z	387	-	You're out of extra usage · resets 6pm (America/Puerto_Rico) 	1
174	https://job-boards.greenhouse.io/gleanwork/jobs/4661898005	failed	2026-04-07T17:44:21Z	2026-04-07T17:44:25Z	388	-	You're out of extra usage · resets 6pm (America/Puerto_Rico) 	1
175	https://job-boards.greenhouse.io/gleanwork/jobs/4521356005	failed	2026-04-07T17:44:23Z	2026-04-07T17:44:27Z	389	-	You're out of extra usage · resets 6pm (America/Puerto_Rico) 	1
176	https://job-boards.greenhouse.io/gleanwork/jobs/4605215005	failed	2026-04-07T17:44:26Z	2026-04-07T17:44:30Z	390	-	You're out of extra usage · resets 6pm (America/Puerto_Rico) 	1
177	https://job-boards.greenhouse.io/gleanwork/jobs/4501783005	failed	2026-04-07T17:44:28Z	2026-04-07T17:44:32Z	391	-	You're out of extra usage · resets 6pm (America/Puerto_Rico) 	1
178	https://job-boards.greenhouse.io/gleanwork/jobs/4669417005	failed	2026-04-07T17:44:30Z	2026-04-07T17:44:35Z	392	-	You're out of extra usage · resets 6pm (America/Puerto_Rico) 	1
179	https://job-boards.greenhouse.io/gleanwork/jobs/4006735005	failed	2026-04-07T17:44:32Z	2026-04-07T17:44:36Z	393	-	You're out of extra usage · resets 6pm (America/Puerto_Rico) 	1
180	https://job-boards.greenhouse.io/gleanwork/jobs/4675077005	failed	2026-04-07T17:44:36Z	2026-04-07T17:44:40Z	394	-	You're out of extra usage · resets 6pm (America/Puerto_Rico) 	1
181	https://job-boards.greenhouse.io/gleanwork/jobs/4585960005	failed	2026-04-07T17:44:37Z	2026-04-07T17:44:44Z	395	-	You're out of extra usage · resets 6pm (America/Puerto_Rico) 	1
182	https://job-boards.greenhouse.io/gleanwork/jobs/4612814005	failed	2026-04-07T17:44:41Z	2026-04-07T17:44:44Z	396	-	You're out of extra usage · resets 6pm (America/Puerto_Rico) 	1
183	https://job-boards.greenhouse.io/gleanwork/jobs/4667085005	failed	2026-04-07T17:44:44Z	2026-04-07T17:44:48Z	397	-	You're out of extra usage · resets 6pm (America/Puerto_Rico) 	1
184	https://job-boards.greenhouse.io/gleanwork/jobs/4549192005	failed	2026-04-07T17:44:45Z	2026-04-07T17:44:48Z	398	-	You're out of extra usage · resets 6pm (America/Puerto_Rico) 	1
185	https://job-boards.greenhouse.io/gleanwork/jobs/4577381005	failed	2026-04-07T17:44:49Z	2026-04-07T17:44:52Z	399	-	You're out of extra usage · resets 6pm (America/Puerto_Rico) 	1
186	https://job-boards.greenhouse.io/gleanwork/jobs/4600865005	failed	2026-04-07T17:44:49Z	2026-04-07T17:44:53Z	400	-	You're out of extra usage · resets 6pm (America/Puerto_Rico) 	1
187	https://job-boards.greenhouse.io/gleanwork/jobs/4525518005	failed	2026-04-07T17:44:53Z	2026-04-07T17:44:57Z	401	-	You're out of extra usage · resets 6pm (America/Puerto_Rico) 	1
188	https://job-boards.greenhouse.io/gleanwork/jobs/4591195005	failed	2026-04-07T17:44:53Z	2026-04-07T17:44:57Z	402	-	You're out of extra usage · resets 6pm (America/Puerto_Rico) 	1
189	https://job-boards.greenhouse.io/gleanwork/jobs/4678146005	failed	2026-04-07T17:44:57Z	2026-04-07T17:45:01Z	403	-	You're out of extra usage · resets 6pm (America/Puerto_Rico) 	1
190	https://job-boards.greenhouse.io/gleanwork/jobs/4636294005	failed	2026-04-07T17:44:58Z	2026-04-07T17:45:02Z	404	-	You're out of extra usage · resets 6pm (America/Puerto_Rico) 	1
191	https://job-boards.greenhouse.io/gleanwork/jobs/4424103005	failed	2026-04-07T17:45:02Z	2026-04-07T17:45:06Z	405	-	You're out of extra usage · resets 6pm (America/Puerto_Rico) 	1
192	https://job-boards.greenhouse.io/gleanwork/jobs/4658096005	failed	2026-04-07T17:45:03Z	2026-04-07T17:45:07Z	406	-	You're out of extra usage · resets 6pm (America/Puerto_Rico) 	1
193	https://job-boards.greenhouse.io/gleanwork/jobs/4605446005	failed	2026-04-07T17:45:07Z	2026-04-07T17:45:10Z	407	-	You're out of extra usage · resets 6pm (America/Puerto_Rico) 	1
194	https://job-boards.greenhouse.io/gleanwork/jobs/4012745005	failed	2026-04-07T17:45:08Z	2026-04-07T17:45:12Z	408	-	You're out of extra usage · resets 6pm (America/Puerto_Rico) 	1
195	https://job-boards.greenhouse.io/gleanwork/jobs/4603423005	failed	2026-04-07T17:45:11Z	2026-04-07T17:45:15Z	409	-	You're out of extra usage · resets 6pm (America/Puerto_Rico) 	1
196	https://job-boards.greenhouse.io/gleanwork/jobs/4676087005	failed	2026-04-07T17:45:13Z	2026-04-07T17:45:18Z	410	-	You're out of extra usage · resets 6pm (America/Puerto_Rico) 	1
197	https://job-boards.greenhouse.io/gleanwork/jobs/4620264005	failed	2026-04-07T17:45:16Z	2026-04-07T17:45:20Z	411	-	You're out of extra usage · resets 6pm (America/Puerto_Rico) 	1
